ruso,español
акк,cuenta (abrev.)
аккаунт,cuenta
андройд,Android (mal escrito)
большой,grande
быть,ser / estar
бюджет,presupuesto
в,en
вкусный,sabroso (precio atractivo)
владелец,dueño
возможный,posible
второй,segundo
гарант,garante (intermediario)
главный,principal
группа,grupo
дайс,dado (objeto del juego)
добавиться,agregarse
доступный,disponible
европа,Europa (servidor)
же,pues (partícula)
желательный,deseable (de «preferentemente»)
женский,femenino
жертва,víctima
жирный,gordo (cuenta con mucho contenido)
за,por
и,y
интересный,interesante
интересовать,interesar
искать,buscar
кнг,(abreviatura sin identificar)
коллаж,collage
красивый,bonito
крутой,genial
купить,comprar
лимитка,skin limitado
маленький,pequeño
милый,lindo
мио,(nombre sin identificar)
на,en / sobre
не,no
небольшой,pequeño
новый,nuevo
нужный,necesario
обмен,intercambio
обменять,intercambiar
отзыв,reseña
первый,primero
печать,sello (objeto del juego)
по,por / según
посмотреть,ver / revisar
продажа,venta
продать,vender
пустышка,cuenta vacía
рубль,rublo
с,con
сдать,entregar / rentar
сделать,hacer
сексуальный,sexy
скин,skin (aspecto)
смотреть,mirar (considerar ofertas)
старый,viejo
так,así
тетрадка,cuaderno
трансфер,transferencia de cuenta
тупой,tonto
фарм,farmeo (acumular recursos)
фурри,furry
хое,(abreviatura sin identificar)
хороший,bueno
хотеть,querer
цена,precio
чек,comprobante de pago
что,que / qué
юзаный,usado
я,yo
